[{"@type":"mappingTemplate","id":"@1","name":"m_expression_macros","description":"","bundleVersion":"0","templateId":"@3","deployTime":1723923248000,"hasParameters":true,"valid":true,"fixedConnection":true,"hasParametersDeployed":true,"fixedConnectionDeployed":true,"isSchemaValidationEnabled":false,"tasks":1,"mappingPreviewFileRecordId":"@2","documentType":"MAPPING","references":[{"@type":"reference","refObjectId":"@0J1mCQ1HPkehZAYcc3doem","refType":"connection"},{"@type":"reference","refObjectId":"@1HkTEObo20ol2yaCsbsMch","refType":"connection"}]}]