[{"@type":"mappingTemplate","id":"@1","name":"m_error_codes_RESTV2_v3","description":"","bundleVersion":"0","templateId":"@3","deployTime":1726778886000,"hasParameters":false,"valid":true,"fixedConnection":true,"hasParametersDeployed":false,"fixedConnectionDeployed":true,"isSchemaValidationEnabled":false,"tasks":0,"mappingPreviewFileRecordId":"@2","documentType":"MAPPING","references":[{"@type":"reference","refObjectId":"@9kUoaafQrl0bH7VPbZArMG@p-error-400Operation","refType":"businessOperation"},{"@type":"reference","refObjectId":"@0J1mCQ1HPkehZAYcc3doem","refType":"connection"},{"@type":"reference","refObjectId":"@9kUoaafQrl0bH7VPbZArMG","refType":"businessService"}]}]