[{"@type":"mappingTemplate","id":"@1","name":"m_ActivityLog_SQL_CDI - JSON","description":"","bundleVersion":"0","templateId":"@3","deployTime":1726248653000,"hasParameters":false,"valid":true,"fixedConnection":true,"hasParametersDeployed":false,"fixedConnectionDeployed":true,"isSchemaValidationEnabled":false,"tasks":0,"mappingPreviewFileRecordId":"@2","documentType":"MAPPING","references":[{"@type":"reference","refObjectId":"@1HkTEObo20ol2yaCsbsMch","refType":"connection"},{"@type":"reference","refObjectId":"@9ZiFLUTzL1gjQiAbQbjzwp","refType":"connection"},{"@type":"reference","refObjectId":"@0od7UilgnnygLI5v6VqD0W@GetActivityLog","refType":"businessOperation"},{"@type":"reference","refObjectId":"@0od7UilgnnygLI5v6VqD0W","refType":"businessService"},{"@type":"reference","refObjectId":"@iqkYlKWmLUNfzG2kAJ1okU","refType":"hschema"}]}]